frame,throttle,vx,vy,r,up,left,right	
1,0.0000,0.0000,1.1940,0.0000,0,0,0	
2,0.0000,0.0000,2.3820,0.0000,0,0,0	
3,0.0000,0.0000,3.5641,0.0000,0,0,0	
4,0.0000,0.0000,4.7403,0.0000,0,0,0	
5,0.0000,0.0000,5.9106,0.0000,0,0,0	
6,0.0000,0.0000,7.0750,0.0000,0,0,0	
7,0.0000,0.0000,8.2337,0.0000,0,0,0	
8,0.0000,0.0000,60.8940,0.0000,0,0,0	
9,0.0000,0.0000,60.8940,0.0000,0,0,0	
10,0.0000,0.0000,60.8940,0.0000,0,0,0	
11,0.0000,0.0000,60.8940,0.0000,0,0,0	
12,0.0000,0.0000,60.8940,0.0000,0,0,0	
13,0.0000,0.0000,60.8940,0.0000,0,0,0	
14,0.0000,0.0000,60.8940,0.0000,0,0,0	
15,0.0000,0.0000,60.8940,0.0000,0,0,0	
16,0.0000,0.0000,60.8940,0.0000,0,0,0	
17,0.0000,0.0000,60.8940,0.0000,0,0,0	
18,0.0000,0.0000,60.8940,0.0000,0,0,0	
19,0.0000,0.0000,60.8940,0.0000,0,0,0	
20,0.0000,0.0000,60.8940,0.0000,0,0,0	
21,0.0000,0.0000,60.8940,0.0000,0,0,0	
22,0.0000,0.0000,60.8940,0.0000,0,0,0	
23,0.0000,0.0000,60.8940,0.0000,0,0,0	
24,0.0000,0.0000,60.8940,0.0000,0,0,0	
25,0.0000,0.0000,60.8940,0.0000,0,0,0	
26,0.0000,0.0000,60.8940,0.0000,0,0,0	
27,0.0000,0.0000,60.8940,0.0000,0,0,0	
28,0.0000,0.0000,60.8940,0.0000,0,0,0	
29,0.0000,0.0000,60.8940,0.0000,0,0,0	
30,0.0000,0.0000,60.8940,0.0000,0,0,0	
31,0.0000,0.0000,60.8940,0.0000,0,0,0	
32,0.0000,0.0000,60.8940,0.0000,0,0,0	
33,0.0000,0.0000,60.8940,0.0000,0,0,0	
34,0.0000,0.0000,60.8940,0.0000,0,0,0	
35,0.0000,0.0000,60.8940,0.0000,0,0,0	
36,0.0000,0.0000,60.8940,0.0000,0,0,0	
37,0.0000,0.0000,60.8940,0.0000,0,0,0	
38,0.0000,0.0000,60.8940,0.0000,0,0,0	
39,0.0000,0.0000,60.8940,0.0000,0,0,0	
40,0.0000,0.0000,60.8940,0.0000,0,0,0	
41,0.0800,0.0000,1.1622,0.0000,1,0,0	
42,0.1600,0.0000,1.1303,0.0000,1,0,0	
43,0.2400,0.0000,1.0985,0.0000,1,0,0	
44,0.3200,0.0000,2.1596,0.0000,1,0,0	
45,0.4000,0.0000,3.1836,0.0000,1,0,0	
46,0.4800,0.0000,4.1707,0.0000,1,0,0	
47,0.5600,0.0000,5.1209,0.0000,1,0,0	
48,0.6400,0.0000,6.0346,0.0000,1,0,0	
49,0.7200,0.0000,6.9119,0.0000,1,0,0	
50,0.8000,0.0000,7.7529,0.0000,1,0,0	
51,0.8800,0.0000,60.5438,0.0000,1,0,0	
52,0.9600,0.0000,60.5119,0.0000,1,0,0	
53,1.0400,0.0000,60.4801,0.0000,1,0,0	
54,1.1200,0.0000,60.4482,0.0000,1,0,0	
55,1.2000,0.0000,60.4164,0.0000,1,0,0	
56,1.2800,0.0000,60.3846,0.0000,1,0,0	
57,1.3600,0.0000,60.3527,0.0000,1,0,0	
58,1.4400,0.0000,60.3209,0.0000,1,0,0	
59,1.5200,0.0000,60.2890,0.0000,1,0,0	
60,1.6000,0.0000,60.2572,0.0000,1,0,0	
61,1.6800,0.0000,60.2254,0.0000,1,0,0	
62,1.7600,0.0000,60.1935,0.0000,1,0,0	
63,1.8400,0.0000,60.1617,0.0000,1,0,0	
64,1.9200,0.0000,60.1298,0.0000,1,0,0	
65,2.0000,0.0000,60.0980,0.0000,1,0,0	
66,2.0800,0.0000,60.0662,0.0000,1,0,0	
67,2.1600,0.0000,60.0343,0.0000,1,0,0	
68,2.2400,0.0000,60.0025,0.0000,1,0,0	
69,2.3200,0.0000,59.9706,0.0000,1,0,0	
70,2.4000,0.0000,59.9388,0.0000,1,0,0	
71,2.4800,0.0000,59.9070,0.0000,1,0,0	
72,2.5600,0.0000,59.8751,0.0000,1,0,0	
73,2.6400,0.0000,59.8433,0.0000,1,0,0	
74,2.7200,0.0000,59.8114,0.0000,1,0,0	
75,2.8000,0.0000,59.7796,0.0000,1,0,0	
76,2.8800,0.0000,59.7478,0.0000,1,0,0	
77,2.9600,0.0000,59.7159,0.0000,1,0,0	
78,3.0400,-0.0071,59.6847,-0.0059,1,1,0	
79,3.1200,-0.0290,59.6531,-0.0177,1,1,0	
80,3.2000,-0.0738,59.6218,-0.0353,1,1,0	
81,3.2800,-0.1501,59.5915,-0.0588,1,1,0	
82,3.3600,-0.2668,59.5626,-0.0880,1,1,0	
83,3.4400,-0.4335,59.5359,-0.1231,1,1,0	
84,3.5200,-0.6599,59.5125,-0.1640,1,1,0	
85,3.6000,-0.9560,59.4935,-0.2106,1,1,0	
86,3.6800,-1.3317,59.4804,-0.2629,1,1,0	
87,3.7600,-1.7969,59.4747,-0.3210,1,1,0	
88,3.8400,-2.3613,59.4781,-0.3848,1,1,0	
89,3.9200,-3.0176,59.4841,-0.4426,1,0,0	
90,4.0000,-3.7585,59.4929,-0.4948,1,0,0	
91,4.0800,-4.5773,59.5029,-0.5420,1,0,0	
92,4.1600,-5.4680,59.5131,-0.5845,1,0,0	
93,4.2400,-6.4247,59.5231,-0.6226,1,0,0	
94,4.3200,-7.4424,59.5324,-0.6568,1,0,0	
95,4.4000,-8.5164,59.5405,-0.6874,1,0,0	
96,4.4800,-9.6422,59.5471,-0.7145,1,0,0	
97,4.5600,-10.8159,59.5521,-0.7386,1,0,0	
98,4.6400,-12.0339,59.5553,-0.7599,1,0,0	
99,4.7200,-13.2929,59.5566,-0.7785,1,0,0	
100,4.8000,-14.5899,59.5559,-0.7948,1,0,0	
101,4.8800,-15.9221,59.5531,-0.8088,1,0,0	
102,4.9600,-17.2869,59.5484,-0.8208,1,0,0	
103,5.0000,-18.6703,59.5524,-0.8310,1,0,0	
104,5.0000,-20.0580,59.5649,-0.8394,1,0,0	
105,5.0000,-21.4479,59.5752,-0.8463,1,0,0	
106,5.0000,-22.8381,59.5833,-0.8518,1,0,0	
107,5.0000,-24.2268,59.5896,-0.8560,1,0,0	
108,5.0000,-25.6123,59.5940,-0.8589,1,0,0	
109,5.0000,-26.9934,59.5968,-0.8608,1,0,0	
110,5.0000,-28.3687,59.5981,-0.8617,1,0,0	
111,5.0000,-29.7370,59.5981,-0.8616,1,0,0	
112,5.0000,-31.0974,59.5968,-0.8607,1,0,0	
113,5.0000,-32.4489,59.5943,-0.8591,1,0,0	
114,5.0000,-33.7905,59.5908,-0.8568,1,0,0	
115,5.0000,-35.1216,59.5864,-0.8538,1,0,0	
116,5.0000,-36.4415,59.5811,-0.8503,1,0,0	
117,5.0000,-37.7494,59.5751,-0.8463,1,0,0	
118,5.0000,-39.0449,59.5684,-0.8418,1,0,0	
119,5.0000,-40.3273,59.5611,-0.8369,1,0,0	
120,5.0000,-41.5962,59.5533,-0.8316,1,0,0	
121,5.0000,-42.8513,59.5450,-0.8259,1,0,0	
122,5.0000,-44.0920,59.5364,-0.8200,1,0,0	
123,5.0000,-45.3180,59.5274,-0.8138,1,0,0	
124,5.0000,-46.5291,59.5181,-0.8073,1,0,0	
125,5.0000,-47.7249,59.0290,-0.8007,1,0,0	
126,5.0000,-48.9052,59.4987,-0.7938,1,0,0	
127,5.0000,-50.0698,59.4888,-0.7868,1,0,0	
128,5.0000,-51.2184,59.4788,-0.7796,1,0,0	
129,5.0000,-52.3510,59.4686,-0.7723,1,0,0	
130,5.0000,-53.4673,59.4584,-0.7649,1,0,0	
131,5.0000,-54.5672,59.4481,-0.7575,1,0,0	
132,5.0000,-55.6507,59.4378,-0.7499,1,0,0	
133,5.0000,-56.7176,59.4275,-0.7423,1,0,0	
134,5.0000,-57.7679,59.4172,-0.7346,1,0,0	
135,5.0000,-58.8016,59.4070,-0.7269,1,0,0	
136,5.0000,-59.8185,59.3968,-0.7192,1,0,0	
137,5.0000,-60.8187,59.3867,-0.7114,1,0,0	
138,5.0000,-61.8022,59.3767,-0.7037,1,0,0	
139,5.0000,-62.7690,59.3668,-0.6959,1,0,0	
140,5.0000,-63.7190,58.7268,-0.6882,1,0,0	
141,5.0000,-64.6524,58.0804,-0.6805,1,0,0	
142,5.0000,-65.5692,57.4276,-0.6727,1,0,0	
143,5.0000,-66.4694,56.7686,-0.6651,1,0,0	
144,5.0000,-67.3531,59.3188,-0.6574,1,0,0	
145,5.0000,-68.2204,58.6318,-0.6498,1,0,0	
146,5.0000,-69.0713,57.9391,-0.6422,1,0,0	
147,5.0000,-69.9059,57.2410,-0.6347,1,0,0	
148,5.0000,-70.7244,56.5376,-0.6272,1,0,0	
149,5.0000,-71.5267,55.8291,-0.6198,1,0,0	
150,5.0000,-72.3131,55.1156,-0.6124,1,0,0	
151,5.0000,-73.0836,54.3974,-0.6051,1,0,0	
152,5.0000,-73.8383,53.6746,-0.5979,1,0,0	
153,5.0000,-74.5774,52.9474,-0.5907,1,0,0	
154,5.0000,-75.3009,59.2333,-0.5835,1,0,0	
155,5.0000,-76.0091,58.4627,-0.5765,1,0,0	
156,5.0000,-76.7020,57.6885,-0.5695,1,0,0	
157,5.0000,-77.3798,56.9107,-0.5625,1,0,0	
158,5.0000,-78.0259,56.1204,-0.5461,1,0,1	
159,5.0000,-78.6249,55.3081,-0.5204,1,0,1	
160,5.0000,-79.1606,59.1352,-0.4859,1,0,1	
161,5.0000,-79.6167,58.2362,-0.4426,1,0,1	
162,5.0000,-79.9767,57.3001,-0.3910,1,0,1	
163,5.0000,-80.2236,56.3267,-0.3312,1,0,1	
164,5.0000,-80.3406,58.9737,-0.2635,1,0,1	
165,5.0000,-80.3109,57.9189,-0.1882,1,0,1	
166,5.0000,-80.1185,58.9160,-0.1054,1,0,1	
167,5.0000,-79.7484,57.8267,-0.0153,1,0,1	
168,5.0000,-79.1874,58.9116,0.0817,1,0,1	
169,5.0000,-78.4547,57.8498,0.1701,1,0,0	
170,5.0000,-77.5691,56.8266,0.2505,1,0,0	
171,5.0000,-76.5486,59.0073,0.3236,1,0,0	
172,5.0000,-75.4094,59.0534,0.3899,1,0,0	
173,5.0000,-74.1668,59.1021,0.4500,1,0,0	
174,5.0000,-72.8343,59.1518,0.5044,1,0,0	
175,5.0000,-71.4242,58.3571,0.5534,1,0,0	
176,5.0000,-69.9473,59.2489,0.5976,1,0,0	
177,5.0000,-68.4134,59.2947,0.6374,1,0,0	
178,5.0000,-66.8309,59.3379,0.6730,1,0,0	
179,5.0000,-65.2075,58.7193,0.7048,1,0,0	
180,5.0000,-63.5497,59.4153,0.7331,1,0,0	
181,5.0000,-61.8636,59.4492,0.7582,1,0,0	
182,5.0000,-60.1541,59.4799,0.7804,1,0,0	
183,5.0000,-58.4260,59.5074,0.7999,1,0,0	
184,5.0000,-56.6832,59.5318,0.8168,1,0,0	
185,5.0000,-54.9293,59.5532,0.8315,1,0,0	
186,5.0000,-53.1675,59.1272,0.8441,1,0,0	
187,5.0000,-51.4004,59.5877,0.8547,1,0,0	
188,5.0000,-49.6306,59.1908,0.8636,1,0,0	
189,5.0000,-47.8604,59.6121,0.8708,1,0,0	
190,5.0000,-46.0916,59.6209,0.8766,1,0,0	
191,5.0000,-44.3261,59.6277,0.8810,1,0,0	
192,5.0000,-42.5654,59.2620,0.8842,1,0,0	
193,5.0000,-40.8226,59.6230,0.8776,1,1,0	
194,5.0000,-39.1093,59.5985,0.8614,1,1,0	
195,5.0000,-37.4378,59.5607,0.8361,1,1,0	
196,5.0000,-35.8213,59.5108,0.8018,1,1,0	
197,5.0000,-34.2735,59.4507,0.7589,1,1,0	
198,5.0000,-32.8094,58.8359,0.7075,1,1,0	
199,5.0000,-31.4449,59.3081,0.6480,1,1,0	
200,5.0000,-30.1754,59.2438,0.5931,1,0,0	
201,5.0000,-28.9973,58.4373,0.5424,1,0,0	
202,5.0000,-27.9057,59.1436,0.4957,1,0,0	
203,5.0000,-26.8958,59.1044,0.4527,1,0,0	
204,5.0000,-25.9627,59.0713,0.4130,1,0,0	
205,5.0000,-25.1014,59.0433,0.3764,1,0,0	
206,5.0000,-24.3073,59.0197,0.3426,1,0,0	
207,5.0000,-23.5758,58.9998,0.3115,1,0,0	
208,5.0000,-22.9024,57.9879,0.2829,1,0,0	
209,5.0000,-22.2830,58.9691,0.2565,1,0,0	
210,5.0000,-21.7137,58.9574,0.2322,1,0,0	
211,5.0000,-21.1908,58.9476,0.2098,1,0,0	
212,5.0000,-20.7107,58.9395,0.1891,1,0,0	
213,5.0000,-20.2701,58.9327,0.1702,1,0,0	
214,5.0000,-19.8661,58.9271,0.1527,1,0,0	
215,5.0000,-19.4959,58.9225,0.1366,1,0,0	
216,5.0000,-19.1566,58.9187,0.1218,1,0,0	
217,5.0000,-18.8460,57.8398,0.1082,1,0,0	
218,5.0000,-18.5617,58.9131,0.0956,1,0,0	
219,5.0000,-18.3017,58.9110,0.0841,1,0,0	
220,5.0000,-18.0639,58.9094,0.0736,1,0,0	
221,5.0000,-17.8466,58.9081,0.0639,1,0,0	
222,5.0000,-17.6481,58.9070,0.0549,1,0,0	
223,5.0000,-17.4668,57.8186,0.0468,1,0,0	
224,5.0000,-17.3014,58.9055,0.0392,1,0,0	
225,5.0000,-17.1505,58.9050,0.0324,1,0,0	
226,5.0000,-17.0130,58.9047,0.0261,1,0,0	
227,5.0000,-16.8875,58.9044,0.0203,1,0,0	
228,5.0000,-16.7733,58.9042,0.0150,1,0,0	
229,5.0000,-16.6692,58.9041,0.0102,1,0,0	
230,5.0000,-16.5745,57.8136,0.0057,1,0,0	
231,5.0000,-16.4882,58.9040,0.0017,1,0,0	
232,5.0000,-16.4097,58.9040,-0.0020,1,0,0	
233,5.0000,-16.3383,58.9040,-0.0053,1,0,0	
234,5.0000,-16.2733,58.9041,-0.0084,1,0,0	
235,5.0000,-16.2141,58.9041,-0.0112,1,0,0	
236,5.0000,-16.1603,58.9042,-0.0137,1,0,0	
237,5.0000,-16.1308,57.8153,-0.0258,1,1,0	
238,5.0000,-16.1443,58.9072,-0.0473,1,1,0	
239,5.0000,-16.2182,58.9110,-0.0778,1,1,0	
240,5.0000,-16.3696,58.9186,-0.1172,1,1,0	
241,5.0000,-16.6145,58.9320,-0.1650,1,1,0	
242,5.0000,-16.9676,58.9534,-0.2211,1,1,0	
243,5.0000,-17.4424,58.9854,-0.2852,1,1,0	
244,5.0000,-18.0505,59.0305,-0.3571,1,1,0	
245,5.0000,-18.8013,59.0915,-0.4366,1,1,0	
246,5.0000,-19.7013,59.1712,-0.5233,1,1,0	
247,5.0000,-20.7539,59.2719,-0.6172,1,1,0	
248,5.0000,-21.9586,58.6715,-0.7179,1,1,0	
249,5.0000,-23.3103,59.5448,-0.8253,1,1,0	
250,5.0000,-24.7990,59.7197,-0.9392,1,1,0	
251,5.0000,-26.4096,59.9206,-1.0594,1,1,0	
252,5.0000,-28.1209,60.1468,-1.1857,1,1,0	
253,5.0000,-29.9060,60.5423,-1.3179,1,1,0	
254,5.0000,-31.7323,60.6657,-1.4558,1,1,0	
255,5.0000,-33.5619,60.9506,-1.5993,1,1,0	
256,5.0000,-35.3593,61.2066,-1.7285,1,0,0	
257,5.0000,-37.0983,61.4323,-1.8447,1,0,0	
258,5.0000,-38.7623,63.0538,-1.9489,1,0,0	
259,5.0000,-40.3416,61.7973,-2.0420,1,0,0	
260,5.0000,-41.8322,61.9410,-2.1249,1,0,0	
261,5.0000,-43.2338,63.9939,-2.1984,1,0,0	
262,5.0000,-44.5493,62.1645,-2.2633,1,0,0	
263,5.0000,-45.7833,62.2497,-2.3203,1,0,0	
264,5.0000,-46.9420,62.3204,-2.3700,1,0,0	
265,5.0000,-48.0323,62.3788,-2.4130,1,0,0	
266,5.0000,-49.0682,64.7865,-2.4450,1,0,1	
267,5.0000,-50.0661,62.4466,-2.4664,1,0,1	
268,5.0000,-51.0418,62.4602,-2.4774,1,0,1	
269,5.0000,-52.0111,62.4614,-2.4784,1,0,1	
270,5.0000,-52.9891,62.4507,-2.4697,1,0,1	
271,5.0000,-53.9903,62.4279,-2.4515,1,0,1	
272,5.0000,-55.0280,64.8086,-2.4242,1,0,1	
273,5.0000,-56.1138,62.3445,-2.3880,1,0,1	
274,5.0000,-57.2579,64.6148,-2.3432,1,0,1	
275,5.0000,-58.4680,62.2043,-2.2900,1,0,1	
276,5.0000,-59.7495,62.1102,-2.2287,1,0,1	
277,5.0000,-61.1048,61.9986,-2.1596,1,0,1	
278,5.0000,-62.5332,61.8685,-2.0828,1,0,1	
279,5.0000,-64.0210,61.7416,-2.0108,1,0,0	
280,5.0000,-65.5545,61.6181,-1.9432,1,0,0	
281,5.0000,-67.1225,61.4989,-1.8797,1,0,0	
282,5.0000,-68.7155,62.8760,-1.8199,1,0,0	
283,5.0000,-70.3250,61.2754,-1.7637,1,0,0	
284,5.0000,-71.9439,62.4405,-1.7107,1,0,0	
285,5.0000,-73.5662,61.0726,-1.6607,1,0,0	
286,5.0000,-75.1865,60.9789,-1.6135,1,0,0	
287,5.0000,-76.8006,60.8902,-1.5689,1,0,0	
288,5.0000,-78.4047,60.8063,-1.5267,1,0,0	
289,5.0000,-79.9956,60.7270,-1.4868,1,0,0	
290,5.0000,-81.5709,60.6521,-1.4489,1,0,0	
291,5.0000,-83.1283,60.5813,-1.4130,1,0,0	
292,5.0000,-84.6661,60.5144,-1.3789,1,0,0	
293,5.0000,-86.1829,60.4512,-1.3464,1,0,0	
294,5.0000,-87.6775,60.3915,-1.3155,1,0,0	
295,5.0000,-89.1490,60.3350,-1.2861,1,0,0	
296,5.0000,-90.5967,60.2816,-1.2580,1,0,0	
297,5.0000,-92.0200,60.2310,-1.2311,1,0,0	
298,5.0000,-93.4186,60.1830,-1.2055,1,0,0	
299,5.0000,-94.7921,60.1376,-1.1809,1,0,0	
300,5.0000,-96.1405,60.0944,-1.1573,1,0,0	
301,5.0000,-97.4635,60.0535,-1.1347,1,0,0	
302,5.0000,-98.7613,60.0145,-1.1130,1,0,0	
303,5.0000,-100.0339,59.9775,-1.0922,1,0,0	
304,5.0000,-101.2813,59.9422,-1.0721,1,0,0	
305,5.0000,-102.5038,59.9085,-1.0527,1,0,0	
306,5.0000,-103.7014,59.8764,-1.0340,1,0,0	
307,5.0000,-104.8745,59.8458,-1.0160,1,0,0	
308,5.0000,-106.0231,59.8165,-0.9986,1,0,0	
309,5.0000,-107.1476,59.7884,-0.9817,1,0,0	
310,5.0000,-108.2482,59.7616,-0.9654,1,0,0	
311,5.0000,-109.3252,59.7358,-0.9496,1,0,0	
312,5.0000,-110.3789,59.4483,-0.9343,1,0,0	
313,5.0000,-111.4095,59.1384,-0.9194,1,0,0	
314,5.0000,-112.4173,58.8074,-0.9049,1,0,0	
315,5.0000,-113.4026,59.6427,-0.8908,1,0,0	
316,5.0000,-114.3657,59.6217,-0.8771,1,0,0	
317,5.0000,-115.2936,59.5875,-0.8541,1,0,1	
318,5.0000,-116.1742,59.1297,-0.8221,1,0,1	
319,5.0000,-116.9942,58.6160,-0.7814,1,0,1	
320,5.0000,-117.7388,59.4147,-0.7322,1,0,1	
321,5.0000,-118.3927,59.3409,-0.6747,1,0,1	
322,5.0000,-118.9390,59.2630,-0.6093,1,0,1	
323,5.0000,-119.3604,59.1841,-0.5362,1,0,1	
324,5.0000,-119.6386,58.2960,-0.4555,1,0,1	
325,5.0000,-119.7814,57.3516,-0.3815,1,0,0	
326,5.0000,-119.7966,56.3660,-0.3137,1,0,0	
327,5.0000,-119.6929,55.3508,-0.2515,1,0,0	
328,5.0000,-119.4793,54.3156,-0.1946,1,0,0	
329,5.0000,-119.1646,53.2682,-0.1425,1,0,0	
330,5.0000,-118.7574,52.2148,-0.0949,1,0,0	
331,5.0000,-118.2659,58.9066,-0.0514,1,0,0	
332,5.0000,-117.6978,57.8162,-0.0117,1,0,0	
333,5.0000,-117.0604,56.7318,0.0246,1,0,0	
334,5.0000,-116.3606,55.6554,0.0576,1,0,0	
335,5.0000,-115.6046,54.5888,0.0876,1,0,0	
336,5.0000,-114.7983,53.5329,0.1149,1,0,0	
337,5.0000,-113.9472,52.4887,0.1397,1,0,0	
338,5.0000,-113.0560,51.4564,0.1622,1,0,0	
339,5.0000,-112.1295,50.4361,0.1825,1,0,0	
340,5.0000,-111.1717,49.4280,0.2009,1,0,0	
341,5.0000,-110.1866,48.4317,0.2175,1,0,0	
342,5.0000,-109.1774,47.4470,0.2323,1,0,0	
343,5.0000,-108.1476,46.4735,0.2457,1,0,0	
344,5.0000,-107.0999,45.5108,0.2576,1,0,0	
345,5.0000,-106.0370,44.5584,0.2682,1,0,0	
346,5.0000,-104.9613,43.6158,0.2776,1,0,0	
347,5.0000,-103.8752,42.6826,0.2860,1,0,0	
348,5.0000,-102.7805,41.7581,0.2933,1,0,0	
349,5.0000,-101.6791,40.8420,0.2997,1,0,0	
350,5.0000,-100.5728,39.9338,0.3052,1,0,0	
351,5.0000,-99.4630,39.0329,0.3099,1,0,0	
352,5.0000,-98.3511,38.1391,0.3140,1,0,0	
353,5.0000,-97.2384,37.2517,0.3173,1,0,0	
354,5.0000,-96.1260,36.3706,0.3201,1,0,0	
355,5.0000,-95.0150,35.4952,0.3223,1,0,0	
356,5.0000,-93.9064,34.6252,0.3240,1,0,0	
357,5.0000,-92.8009,33.7605,0.3252,1,0,0	
358,5.0000,-91.6995,32.9005,0.3261,1,0,0	
359,5.0000,-90.6028,32.0451,0.3265,1,0,0	
360,5.0000,-89.5114,31.1941,0.3266,1,0,0	
361,5.0000,-88.4260,30.3471,0.3263,1,0,0	
362,5.0000,-87.3470,29.5040,0.3258,1,0,0	
363,5.0000,-86.2750,28.6646,0.3249,1,0,0	
364,5.0000,-85.2103,27.8288,0.3239,1,0,0	
365,5.0000,-84.1533,26.9963,0.3226,1,0,0	
366,5.0000,-83.1045,26.1670,0.3211,1,0,0	
367,5.0000,-82.0640,25.3409,0.3195,1,0,0	
368,5.0000,-81.0321,24.5177,0.3176,1,0,0	
369,5.0000,-80.0092,23.6975,0.3157,1,0,0	
370,5.0000,-78.9953,22.8800,0.3136,1,0,0	
371,5.0000,-77.9907,22.0653,0.3113,1,0,0	
372,5.0000,-76.9956,21.2532,0.3090,1,0,0	
373,5.0000,-76.0100,20.4437,0.3066,1,0,0	
374,5.0000,-75.0341,19.6368,0.3041,1,0,0	
375,5.0000,-74.0679,18.8324,0.3015,1,0,0	
376,5.0000,-73.1117,18.0305,0.2989,1,0,0	
377,5.0000,-72.1653,17.2309,0.2962,1,0,0	
378,5.0000,-71.2290,16.4338,0.2934,1,0,0	
379,5.0000,-70.3026,15.6391,0.2906,1,0,0	
380,5.0000,-69.3863,14.8468,0.2878,1,0,0	
381,5.0000,-68.4800,14.0568,0.2849,1,0,0	
382,5.0000,-67.5837,13.2691,0.2820,1,0,0	
383,5.0000,-66.6975,12.4838,0.2791,1,0,0	
384,5.0000,-65.8212,11.7008,0.2762,1,0,0	
385,5.0000,-64.9550,10.9202,0.2733,1,0,0	
386,5.0000,-64.0987,10.1419,0.2704,1,0,0	
387,5.0000,-63.2524,9.3659,0.2674,1,0,0	
388,5.0000,-62.4159,8.5923,0.2645,1,0,0	
389,5.0000,-61.5892,7.8210,0.2616,1,0,0	
390,5.0000,-60.7723,7.0521,0.2586,1,0,0	
391,5.0000,-59.9651,6.2855,0.2557,1,0,0	
392,5.0000,-59.1676,5.5213,0.2528,1,0,0	
393,5.0000,-58.3796,4.7595,0.2499,1,0,0	
394,5.0000,-57.6011,4.0001,0.2470,1,0,0	
395,5.0000,-56.8321,3.2431,0.2441,1,0,0	
396,5.0000,-56.0725,2.4886,0.2413,1,0,0	
397,5.0000,-55.3221,1.7364,0.2384,1,0,0	
398,5.0000,-54.5809,0.9867,0.2356,1,0,0	
399,5.0000,-53.8489,0.2395,0.2328,1,0,0	
400,5.0000,-53.1259,-0.5053,0.2300,1,0,0	
401,5.0000,-52.4118,-1.2476,0.2273,1,0,0	
402,5.0000,-51.7067,-1.9874,0.2246,1,0,0	
403,5.0000,-51.0103,-2.7247,0.2218,1,0,0	
404,5.0000,-50.3226,-3.4595,0.2192,1,0,0	
405,5.0000,-49.6435,-4.1917,0.2165,1,0,0	
406,5.0000,-48.9729,-4.9214,0.2139,1,0,0	
407,5.0000,-48.3108,-5.6486,0.2112,1,0,0	
408,5.0000,-47.6570,-6.3732,0.2087,1,0,0	
409,5.0000,-47.0115,-7.0952,0.2061,1,0,0	
410,5.0000,-46.3742,-7.8146,0.2036,1,0,0	
411,5.0000,-45.7449,-8.5315,0.2011,1,0,0	
412,5.0000,-45.1236,-9.2457,0.1986,1,0,0	
413,5.0000,-44.5102,-9.9573,0.1961,1,0,0	
414,5.0000,-43.9046,-10.6663,0.1937,1,0,0	
415,5.0000,-43.3068,-11.3727,0.1913,1,0,0	
416,5.0000,-42.7165,-12.0764,0.1889,1,0,0	
417,5.0000,-42.1339,-12.7775,0.1866,1,0,0	
418,5.0000,-41.5586,-13.4760,0.1842,1,0,0	
419,5.0000,-40.9908,-14.1717,0.1819,1,0,0	
420,5.0000,-40.4302,-14.8648,0.1797,1,0,0	
421,5.0000,-39.8769,-15.5553,0.1774,1,0,0	
422,5.0000,-39.3306,-16.2430,0.1752,1,0,0	
423,5.0000,-38.7914,-16.9281,0.1730,1,0,0	
424,5.0000,-38.2591,-17.6105,0.1708,1,0,0	
425,5.0000,-37.7337,-18.2902,0.1687,1,0,0	
426,5.0000,-37.2151,-18.9672,0.1666,1,0,0	
427,5.0000,-36.7032,-19.6415,0.1645,1,0,0	
428,5.0000,-36.1979,-20.3131,0.1624,1,0,0	
429,5.0000,-35.6991,-20.9820,0.1604,1,0,0	
430,5.0000,-35.2068,-21.6482,0.1584,1,0,0	
431,5.0000,-34.7209,-22.3117,0.1564,1,0,0	
432,5.0000,-34.2413,-22.9725,0.1544,1,0,0	
433,5.0000,-33.7679,-23.6305,0.1524,1,0,0	
434,5.0000,-33.3006,-24.2859,0.1505,1,0,0	
435,5.0000,-32.8394,-24.9385,0.1486,1,0,0	
436,5.0000,-32.3842,-25.5884,0.1468,1,0,0	
437,5.0000,-31.9350,-26.2356,0.1449,1,0,0	
438,5.0000,-31.4916,-26.8801,0.1431,1,0,0	
439,5.0000,-31.0539,-27.5219,0.1413,1,0,0	
440,5.0000,-30.6220,-28.1610,0.1395,1,0,0	
441,5.0000,-30.1957,-28.7973,0.1377,1,0,0	
442,5.0000,-29.7749,-29.4310,0.1360,1,0,0	
443,5.0000,-29.3597,-30.0619,0.1343,1,0,0	
444,5.0000,-28.9499,-30.6901,0.1326,1,0,0	
445,5.0000,-28.5454,-31.3156,0.1309,1,0,0	
446,5.0000,-28.1462,-31.9385,0.1292,1,0,0	
447,5.0000,-27.7523,-32.5586,0.1276,1,0,0	
448,5.0000,-27.3635,-33.1760,0.1260,1,0,0	
449,5.0000,-26.9797,-33.7908,0.1244,1,0,0	
450,5.0000,-26.6011,-34.4028,0.1228,1,0,0	
451,5.0000,-26.2273,-35.0122,0.1213,1,0,0	
452,5.0000,-25.8585,-35.6189,0.1197,1,0,0	
453,5.0000,-25.4945,-36.2229,0.1182,1,0,0	
454,5.0000,-25.1353,-36.8243,0.1167,1,0,0	
455,5.0000,-24.7809,-37.4230,0.1152,1,0,0	
456,5.0000,-24.4310,-38.0190,0.1138,1,0,0	
457,5.0000,-24.0858,-38.6123,0.1123,1,0,0	
458,5.0000,-23.7451,-39.2031,0.1109,1,0,0	
459,5.0000,-23.4089,-39.7911,0.1095,1,0,0	
460,5.0000,-23.0771,-40.3765,0.1081,1,0,0	
461,5.0000,-22.7497,-40.9593,0.1067,1,0,0	
462,5.0000,-22.4266,-41.5395,0.1054,1,0,0	
463,5.0000,-22.1078,-42.1170,0.1041,1,0,0	
464,5.0000,-21.7931,-42.6920,0.1027,1,0,0	
465,5.0000,-21.4826,-43.2643,0.1014,1,0,0	
466,5.0000,-21.1763,-43.8340,0.1002,1,0,0	
467,5.0000,-20.8739,-44.4011,0.0989,1,0,0	
468,5.0000,-20.5756,-44.9656,0.0976,1,0,0	
469,5.0000,-20.2812,-45.5275,0.0964,1,0,0	
470,5.0000,-19.9906,-46.0869,0.0952,1,0,0	
471,5.0000,-19.7040,-46.6437,0.0940,1,0,0	
472,5.0000,-19.4211,-47.1979,0.0928,1,0,0	
473,5.0000,-19.1420,-47.7496,0.0916,1,0,0	
474,5.0000,-18.8665,-48.2987,0.0904,1,0,0	
475,5.0000,-18.5947,-48.8453,0.0893,1,0,0	
476,5.0000,-18.3266,-49.3893,0.0882,1,0,0	
477,5.0000,-18.0619,-49.9308,0.0870,1,0,0	
478,5.0000,-17.8008,-50.4698,0.0859,1,0,0	
479,5.0000,-17.5432,-51.0063,0.0848,1,0,0	
480,5.0000,-17.2889,-51.5403,0.0838,1,0,0	
481,5.0000,-17.0381,-52.0718,0.0827,1,0,0	
482,5.0000,-16.7906,-52.6008,0.0817,1,0,0	
483,5.0000,-16.5463,-53.1273,0.0806,1,0,0	
484,5.0000,-16.3054,-53.6514,0.0796,1,0,0	
485,5.0000,-16.0676,-54.1730,0.0786,1,0,0	
486,5.0000,-15.8330,-54.6922,0.0776,1,0,0	
487,5.0000,-15.6015,-55.2089,0.0766,1,0,0	
488,5.0000,-15.3731,-55.7231,0.0756,1,0,0	
489,5.0000,-15.1477,-56.2350,0.0747,1,0,0	
490,5.0000,-14.9254,-56.7444,0.0737,1,0,0	
491,5.0000,-14.7060,-57.2514,0.0728,1,0,0	
492,5.0000,-14.4896,-57.7560,0.0719,1,0,0	
493,5.0000,-14.2760,-58.2582,0.0710,1,0,0	
494,5.0000,-14.0653,-58.7580,0.0701,1,0,0	
495,4.9500,-13.8588,-59.2356,0.0692,0,0,0	
496,4.9005,-13.6564,-59.6913,0.0683,0,0,0	
497,4.8515,-13.4580,-60.1253,0.0674,0,0,0	
498,4.8030,-13.2635,-60.5381,0.0666,0,0,0	
499,4.7550,-13.0729,-60.9298,0.0657,0,0,0	
500,4.7074,-12.8860,-61.3007,0.0649,0,0,0	
501,4.6603,-12.7028,-61.6512,0.0641,0,0,0	
502,4.6137,-12.5232,-61.9815,0.0633,0,0,0	
503,4.5676,-12.3471,-62.2920,0.0625,0,0,0	
504,4.5219,-12.1745,-62.5828,0.0617,0,0,0	
505,4.4767,-12.0052,-62.8543,0.0609,0,0,0	
506,4.4319,-11.8392,-63.1068,0.0601,0,0,0	
507,4.3876,-11.6764,-63.3404,0.0594,0,0,0	
508,4.3437,-11.5167,-63.5556,0.0586,0,0,0	
509,4.3003,-11.3602,-63.7525,0.0579,0,0,0	
510,4.2573,-11.2066,-63.9313,0.0571,0,0,0	
511,4.2147,-11.0560,-64.0925,0.0564,0,0,0	
512,4.1726,-10.9083,-64.2361,0.0557,0,0,0	
513,4.1308,-10.7634,-64.3625,0.0550,0,0,0	
514,4.0895,-10.6213,-64.4719,0.0543,0,0,0	
515,4.0486,-10.4819,-64.5646,0.0536,0,0,0	
516,4.0082,-10.3451,-64.6408,0.0529,0,0,0	
517,3.9681,-10.2109,-64.7007,0.0522,0,0,0	
518,3.9284,-10.0792,-64.7447,0.0516,0,0,0	
519,3.8891,-9.9500,-64.7728,0.0509,0,0,0	
520,3.8502,-9.8233,-64.7854,0.0503,0,0,0	
521,3.8117,-9.6989,-64.7827,0.0496,0,0,0	
522,3.7736,-9.5768,-64.7648,0.0490,0,0,0	
523,3.7359,-9.4570,-64.7321,0.0484,0,0,0	
524,3.6985,-9.3394,-64.6848,0.0478,0,0,0	
525,3.6615,-9.2240,-64.6230,0.0472,0,0,0	
526,3.6249,-9.1107,-64.5471,0.0466,0,0,0	
527,3.5887,-8.9995,-64.4571,0.0460,0,0,0	
528,3.5528,-8.8903,-64.3534,0.0454,0,0,0	
529,3.5172,-8.7831,-64.2361,0.0448,0,0,0	
530,3.4821,-8.6779,-64.1054,0.0443,0,0,0	
531,3.4472,-8.5746,-63.9616,0.0437,0,0,0	
532,3.4128,-8.4731,-63.8048,0.0431,0,0,0	
533,3.3786,-8.3735,-63.6352,0.0426,0,0,0	
534,3.3449,-8.2756,-63.4531,0.0421,0,0,0	
535,3.3114,-8.1796,-63.2587,0.0415,0,0,0	
536,3.2783,-8.0852,-63.0520,0.0410,0,0,0	
537,3.3583,-7.9907,-0.1415,0.0405,1,0,0	
538,3.4383,-7.8960,-0.1733,0.0400,1,0,0	
539,3.5183,-7.8013,-0.2052,0.0395,1,0,0	
540,3.5983,-7.7066,-0.4412,0.0390,1,0,0	
541,3.6783,-7.6117,-0.7079,0.0385,1,0,0	
542,3.7583,-7.5169,-1.0051,0.0380,1,0,0	
543,3.8383,-7.4220,-1.3326,0.0375,1,0,0	
544,3.7999,-7.3290,-1.6433,0.0370,0,0,0	
545,3.7619,-7.2376,-1.9373,0.0365,0,0,0	
546,3.7243,-7.1479,-2.2149,0.0361,0,0,0	
547,3.6871,-7.0599,-2.4764,0.0356,0,0,0	
548,3.6502,-6.9736,-2.7218,0.0352,0,0,0	
549,3.6137,-6.8887,-2.9516,0.0347,0,0,0	
550,3.5775,-6.8055,-3.1659,0.0343,0,0,0	
551,3.5418,-6.7238,-3.3649,0.0339,0,0,0	
552,3.5063,-6.6435,-3.5488,0.0334,0,0,0	
553,3.4713,-6.5647,-3.7179,0.0330,0,0,0	
554,3.4366,-6.4873,-3.8723,0.0326,0,0,0	
555,3.4022,-6.4113,-4.0123,0.0322,0,0,0	
556,3.3682,-6.3367,-4.1381,0.0318,0,0,0	
557,3.3345,-6.2634,-4.2499,0.0314,0,0,0	
558,3.3012,-6.1914,-4.3479,0.0310,0,0,0	
559,3.2681,-6.1207,-4.4323,0.0306,0,0,0	
560,3.2355,-6.0513,-4.5032,0.0302,0,0,0	
561,3.2031,-5.9830,-4.5610,0.0298,0,0,0	
562,3.1711,-5.9160,-4.6057,0.0294,0,0,0	
563,3.1394,-5.8501,-4.6376,0.0290,0,0,0	
564,3.1080,-5.7854,-4.6569,0.0287,0,0,0	
565,3.0769,-5.7218,-4.6638,0.0283,0,0,0	
566,3.0461,-5.6593,-4.6583,0.0280,0,0,0	
567,3.0157,-5.5979,-4.6408,0.0276,0,0,0	
568,2.9855,-5.5375,-4.6114,0.0272,0,0,0	
569,2.9557,-5.4782,-4.5703,0.0269,0,0,0	
570,2.9261,-5.4199,-4.5176,0.0266,0,0,0	
571,2.8968,-5.3625,-4.4535,0.0262,0,0,0	
572,2.8679,-5.3062,-4.3783,0.0259,0,0,0	
573,2.8392,-5.2508,-4.2920,0.0256,0,0,0	
574,2.8108,-5.1963,-4.1949,0.0252,0,0,0	
575,2.7827,-5.1427,-4.0871,0.0249,0,0,0	
576,2.7549,-5.0900,-3.9688,0.0246,0,0,0	
577,2.7273,-5.0382,-3.8401,0.0243,0,0,0	
578,2.7000,-4.9872,-3.7012,0.0240,0,0,0	
579,2.6730,-4.9371,-3.5523,0.0237,0,0,0	
580,2.6463,-4.8878,-3.3934,0.0234,0,0,0	
581,2.6198,-4.8393,-3.2249,0.0231,0,0,0	
582,2.5936,-4.7916,-3.0468,0.0228,0,0,0	
583,2.5677,-4.7446,-2.8592,0.0225,0,0,0	
584,2.5420,-4.6984,-2.6624,0.0222,0,0,0	
585,2.6220,-4.6520,0.1507,0.0219,1,0,0	
586,2.7020,-4.6055,0.1188,0.0217,1,0,0	
587,2.7820,-4.5588,0.0870,0.0214,1,0,0	
588,2.8620,-4.5119,0.1417,0.0211,1,0,0	
589,2.9420,-4.4650,0.1643,0.0208,1,0,0	
590,3.0220,-4.4179,0.1550,0.0206,1,0,0	
591,3.1020,-4.3707,0.1139,0.0203,1,0,0	
592,3.1820,-4.3235,0.0411,0.0201,1,0,0	
593,3.2620,-4.2761,-0.0631,0.0198,1,0,0	
594,3.3420,-4.2288,-0.1987,0.0196,1,0,0	
595,3.4220,-4.1813,-0.3654,0.0193,1,0,0	
596,3.5020,-4.1338,-0.5631,0.0191,1,0,0	
597,3.5820,-4.0864,-0.7917,0.0188,1,0,0	
598,3.6620,-4.0388,-1.0510,0.0186,1,0,0	
599,3.7420,-3.9913,-1.3408,0.0183,1,0,0	
600,3.8220,-3.9438,-1.6610,0.0181,1,0,0	
601,3.9020,-3.8963,-2.0115,0.0179,1,0,0	
602,3.9820,-3.8489,-2.3920,0.0177,1,0,0	
603,4.0620,-3.8014,-2.8025,0.0174,1,0,0	
604,4.1420,-3.7541,-3.2428,0.0172,1,0,0	
605,4.2220,-3.7067,-3.7127,0.0170,1,0,0	
606,4.3020,-3.6595,-4.2121,0.0168,1,0,0	
607,4.3820,-3.6123,-4.7409,0.0166,1,0,0	
608,4.4620,-3.5652,-5.2988,0.0164,1,0,0	
609,4.5420,-3.5182,-5.8858,0.0161,1,0,0	
610,4.6220,-3.4712,-6.5017,0.0159,1,0,0	
611,4.7020,-3.4244,-7.1464,0.0157,1,0,0	
612,4.7820,-3.3777,-7.8197,0.0155,1,0,0	
613,4.8620,-3.3312,-8.5214,0.0153,1,0,0	
614,4.9420,-3.2847,-9.2515,0.0151,1,0,0	
615,5.0000,-3.2385,-10.0011,0.0150,1,0,0	
616,5.0000,-3.1929,-10.7468,0.0148,1,0,0	
617,5.0000,-3.1480,-11.4889,0.0146,1,0,0	
618,5.0000,-3.1036,-12.2272,0.0144,1,0,0	
619,5.0000,-3.0598,-12.9619,0.0142,1,0,0	
620,5.0000,-3.0165,-13.6929,0.0140,1,0,0	
621,5.0000,-2.9739,-14.4202,0.0139,1,0,0	
622,5.0000,-2.9318,-15.1440,0.0137,1,0,0	
623,5.0000,-2.8903,-15.8641,0.0135,1,0,0	
624,5.0000,-2.8493,-16.5806,0.0133,1,0,0	
625,5.0000,-2.8088,-17.2935,0.0132,1,0,0	
626,5.0000,-2.7689,-18.0028,0.0130,1,0,0	
627,5.0000,-2.7296,-18.7087,0.0128,1,0,0	
628,5.0000,-2.6907,-19.4110,0.0127,1,0,0	
629,5.0000,-2.6523,-20.1098,0.0125,1,0,0	
630,5.0000,-2.6145,-20.8051,0.0124,1,0,0	
631,5.0000,-2.5772,-21.4969,0.0122,1,0,0	
632,5.0000,-2.5403,-22.1852,0.0120,1,0,0	
633,5.0000,-2.5040,-22.8702,0.0119,1,0,0	
634,5.0000,-2.4681,-23.5517,0.0117,1,0,0	
635,5.0000,-2.4327,-24.2298,0.0116,1,0,0	
636,5.0000,-2.3978,-24.9045,0.0114,1,0,0	
637,5.0000,-2.3633,-25.5759,0.0113,1,0,0	
638,5.0000,-2.3293,-26.2439,0.0112,1,0,0	
639,5.0000,-2.2957,-26.9085,0.0110,1,0,0	
640,5.0000,-2.2626,-27.5699,0.0109,1,0,0	
641,5.0000,-2.2299,-28.2279,0.0107,1,0,0	
642,5.0000,-2.1977,-28.8827,0.0106,1,0,0	
643,5.0000,-2.1659,-29.5341,0.0105,1,0,0	
644,5.0000,-2.1345,-30.1824,0.0103,1,0,0	
645,5.0000,-2.1035,-30.8273,0.0102,1,0,0	
646,5.0000,-2.0730,-31.4691,0.0101,1,0,0	
647,5.0000,-2.0428,-32.1077,0.0099,1,0,0	
648,5.0000,-2.0131,-32.7430,0.0098,1,0,0	
649,5.0000,-1.9837,-33.3752,0.0097,1,0,0	
650,5.0000,-1.9548,-34.0042,0.0096,1,0,0	
651,5.0000,-1.9262,-34.6301,0.0094,1,0,0	
652,5.0000,-1.8980,-35.2529,0.0093,1,0,0	
653,4.9500,-1.8704,-35.8527,0.0092,0,0,0	
654,4.9005,-1.8433,-36.4297,0.0091,0,0,0	
655,4.8515,-1.8167,-36.9844,0.0090,0,0,0	
656,4.8030,-1.7907,-37.5170,0.0089,0,0,0	
657,4.7550,-1.7652,-38.0278,0.0088,0,0,0	
658,4.7074,-1.7402,-38.5171,0.0086,0,0,0	
659,4.6603,-1.7157,-38.9853,0.0085,0,0,0	
660,4.6137,-1.6916,-39.4325,0.0084,0,0,0	
661,4.5676,-1.6680,-39.8592,0.0083,0,0,0	
662,4.5219,-1.6449,-40.2656,0.0082,0,0,0	
663,4.6019,-1.6219,-0.6375,0.0081,1,0,0	
664,4.6819,-1.5988,-0.6693,0.0080,1,0,0	
665,4.7619,-1.5759,-0.7012,0.0079,1,0,0	
666,4.8419,-1.5530,-1.4307,0.0078,1,0,0	
667,4.9219,-1.5301,-2.1884,0.0077,1,0,0	
668,5.0000,-1.5073,-2.9734,0.0076,1,0,0	
669,5.0000,-1.4848,-3.7545,0.0075,1,0,0	
670,5.0000,-1.4627,-4.5317,0.0074,1,0,0	
671,5.0000,-1.4408,-5.3049,0.0073,1,0,0	
672,5.0000,-1.4192,-6.0744,0.0072,1,0,0	
673,5.0000,-1.3979,-6.8399,0.0071,1,0,0	
674,5.0000,-1.3769,-7.6017,0.0070,1,0,0	
675,5.0000,-1.3562,-8.3596,0.0070,1,0,0	
676,5.0000,-1.3357,-9.1138,0.0069,1,0,0	
677,5.0000,-1.3156,-9.8642,0.0068,1,0,0	
678,5.0000,-1.2957,-10.6108,0.0067,1,0,0	
679,5.0000,-1.2760,-11.3537,0.0066,1,0,0	
680,4.9500,-1.2568,-12.0730,0.0065,0,0,0	
681,4.9005,-1.2379,-12.7690,0.0064,0,0,0	
682,4.8515,-1.2195,-13.4420,0.0064,0,0,0	
683,4.8030,-1.2014,-14.0923,0.0063,0,0,0	
684,4.7550,-1.1836,-14.7203,0.0062,0,0,0	
685,4.7074,-1.1662,-15.3262,0.0061,0,0,0	
686,4.6603,-1.1492,-15.9104,0.0060,0,0,0	
687,4.6137,-1.1325,-16.4731,0.0060,0,0,0	
688,4.5676,-1.1161,-17.0146,0.0059,0,0,0	
689,4.5219,-1.1001,-17.5352,0.0058,0,0,0	
690,4.6019,-1.0841,-0.6375,0.0057,1,0,0	
691,4.6819,-1.0681,-0.6694,0.0057,1,0,0	
692,4.7619,-1.0521,-0.7012,0.0056,1,0,0	
693,4.8419,-1.0362,-1.4308,0.0055,1,0,0	
694,4.9219,-1.0203,-2.1885,0.0055,1,0,0	
695,5.0000,-1.0045,-2.9735,0.0054,1,0,0	
696,5.0000,-0.9889,-3.7546,0.0053,1,0,0	
697,5.0000,-0.9735,-4.5318,0.0053,1,0,0	
698,5.0000,-0.9583,-5.3051,0.0052,1,0,0	
699,5.0000,-0.9433,-6.0746,0.0051,1,0,0	
700,5.0000,-0.9286,-6.8402,0.0051,1,0,0	
701,5.0000,-0.9140,-7.6020,0.0050,1,0,0	
702,5.0000,-0.8996,-8.3599,0.0049,1,0,0	
703,5.0000,-0.8854,-9.1141,0.0049,1,0,0	
704,5.0000,-0.8715,-9.8645,0.0048,1,0,0	
705,5.0000,-0.8577,-10.6112,0.0047,1,0,0	
706,5.0000,-0.8441,-11.3541,0.0047,1,0,0	
707,5.0000,-0.8306,-12.0933,0.0046,1,0,0	
708,5.0000,-0.8174,-12.8288,0.0046,1,0,0	
709,5.0000,-0.8043,-13.5606,0.0045,1,0,0	
710,5.0000,-0.7915,-14.2888,0.0044,1,0,0	
711,5.0000,-0.7788,-15.0134,0.0044,1,0,0	
712,5.0000,-0.7662,-15.7343,0.0043,1,0,0	
713,5.0000,-0.7539,-16.4516,0.0043,1,0,0	
714,5.0000,-0.7417,-17.1653,0.0042,1,0,0	
715,5.0000,-0.7297,-17.8755,0.0042,1,0,0	
716,5.0000,-0.7178,-18.5821,0.0041,1,0,0	
717,5.0000,-0.7062,-19.2851,0.0041,1,0,0	
718,5.0000,-0.6946,-19.9847,0.0040,1,0,0	
719,5.0000,-0.6833,-20.6808,0.0040,1,0,0	
720,5.0000,-0.6721,-21.3733,0.0039,1,0,0	
721,5.0000,-0.6610,-22.0625,0.0039,1,0,0	
722,5.0000,-0.6501,-22.7481,0.0038,1,0,0	
723,5.0000,-0.6394,-23.4304,0.0038,1,0,0	
724,5.0000,-0.6287,-24.1092,0.0037,1,0,0	
725,5.0000,-0.6183,-24.7847,0.0037,1,0,0	
726,5.0000,-0.6080,-25.4567,0.0036,1,0,0	
727,5.0000,-0.5978,-26.1254,0.0036,1,0,0	
728,5.0000,-0.5878,-26.7908,0.0035,1,0,0	
729,5.0000,-0.5779,-27.4528,0.0035,1,0,0	
730,5.0000,-0.5682,-28.1115,0.0034,1,0,0	
731,5.0000,-0.5585,-28.7670,0.0034,1,0,0	
732,5.0000,-0.5491,-29.4191,0.0034,1,0,0	
733,5.0000,-0.5397,-30.0680,0.0033,1,0,0	
734,5.0000,-0.5305,-30.7137,0.0033,1,0,0	
735,5.0000,-0.5214,-31.3561,0.0032,1,0,0	
736,5.0000,-0.5125,-31.9953,0.0032,1,0,0	
737,5.0000,-0.5036,-32.6313,0.0032,1,0,0	
738,5.0000,-0.4949,-33.2641,0.0031,1,0,0	
739,5.0000,-0.4863,-33.8938,0.0031,1,0,0	
740,5.0000,-0.4778,-34.5203,0.0030,1,0,0	
741,5.0000,-0.4695,-35.1437,0.0030,1,0,0	
742,5.0000,-0.4613,-35.7640,0.0030,1,0,0	
743,5.0000,-0.4531,-36.3812,0.0029,1,0,0	
744,5.0000,-0.4451,-36.9953,0.0029,1,0,0	
745,5.0000,-0.4373,-37.6063,0.0028,1,0,0	
746,5.0000,-0.4295,-38.2142,0.0028,1,0,0	
747,5.0000,-0.4218,-38.8192,0.0028,1,0,0	
748,5.0000,-0.4142,-39.4210,0.0027,1,0,0	
749,5.0000,-0.4068,-40.0199,0.0027,1,0,0	
750,5.0000,-0.3994,-40.6158,0.0027,1,0,0	
751,5.0000,-0.3922,-41.2087,0.0026,1,0,0	
752,5.0000,-0.3851,-41.7987,0.0026,1,0,0	
753,5.0000,-0.3780,-42.3857,0.0026,1,0,0	
754,5.0000,-0.3711,-42.9698,0.0025,1,0,0	
755,5.0000,-0.3642,-43.5509,0.0025,1,0,0	
756,5.0000,-0.3575,-44.1292,0.0025,1,0,0	
757,5.0000,-0.3508,-44.7045,0.0024,1,0,0	
758,5.0000,-0.3443,-45.2770,0.0024,1,0,0	
759,5.0000,-0.3378,-45.8466,0.0024,1,0,0	
760,5.0000,-0.3315,-46.4133,0.0024,1,0,0	
761,5.0000,-0.3252,-46.9773,0.0023,1,0,0	
762,4.9500,-0.3191,-47.5185,0.0023,0,0,0	
763,4.9005,-0.3130,-48.0373,0.0023,0,0,0	
764,4.8515,-0.3072,-48.5340,0.0022,0,0,0	
765,4.8030,-0.3014,-49.0089,0.0022,0,0,0	
766,4.7550,-0.2958,-49.4623,0.0022,0,0,0	
767,4.7074,-0.2903,-49.8945,0.0021,0,0,0	
768,4.6603,-0.2849,-50.3059,0.0021,0,0,0	
769,4.6137,-0.2796,-50.6966,0.0021,0,0,0	
770,4.5676,-0.2745,-51.0670,0.0021,0,0,0	
771,4.6476,-0.2693,-0.6557,0.0020,1,0,0	
772,4.7276,-0.2642,-0.6876,0.0020,1,0,0	
773,4.8076,-0.2590,-0.7194,0.0020,1,0,0	
774,4.8876,-0.2539,-1.4671,0.0020,1,0,0	
775,4.9676,-0.2488,-2.2428,0.0019,1,0,0	
776,5.0000,-0.2438,-3.0276,0.0019,1,0,0	
777,5.0000,-0.2388,-3.8085,0.0019,1,0,0	
778,5.0000,-0.2339,-4.5854,0.0019,1,0,0	
779,5.0000,-0.2290,-5.3585,0.0018,1,0,0	
780,5.0000,-0.2243,-6.1277,0.0018,1,0,0	
781,5.0000,-0.2196,-6.8931,0.0018,1,0,0	
782,5.0000,-0.2149,-7.6546,0.0018,1,0,0	
783,5.0000,-0.2104,-8.4123,0.0018,1,0,0	
784,5.0000,-0.2059,-9.1663,0.0017,1,0,0	
785,5.0000,-0.2014,-9.9164,0.0017,1,0,0	
786,5.0000,-0.1971,-10.6628,0.0017,1,0,0	
787,5.0000,-0.1928,-11.4055,0.0017,1,0,0	
788,5.0000,-0.1885,-12.1445,0.0016,1,0,0	
789,5.0000,-0.1844,-12.8798,0.0016,1,0,0	
790,5.0000,-0.1803,-13.6114,0.0016,1,0,0	
791,5.0000,-0.1762,-14.3393,0.0016,1,0,0	
792,5.0000,-0.1722,-15.0636,0.0016,1,0,0	
793,5.0000,-0.1683,-15.7843,0.0015,1,0,0	
794,5.0000,-0.1644,-16.5014,0.0015,1,0,0	
795,5.0000,-0.1606,-17.2148,0.0015,1,0,0	
796,5.0000,-0.1568,-17.9248,0.0015,1,0,0	
797,5.0000,-0.1531,-18.6311,0.0015,1,0,0	
798,5.0000,-0.1495,-19.3340,0.0014,1,0,0	
799,5.0000,-0.1459,-20.0333,0.0014,1,0,0	
800,5.0000,-0.1424,-20.7291,0.0014,1,0,0	
801,5.0000,-0.1389,-21.4215,0.0014,1,0,0	
802,5.0000,-0.1355,-22.1104,0.0014,1,0,0	
803,5.0000,-0.1321,-22.7958,0.0014,1,0,0	
804,5.0000,-0.1287,-23.4779,0.0013,1,0,0	
805,5.0000,-0.1255,-24.1565,0.0013,1,0,0	
806,5.0000,-0.1222,-24.8317,0.0013,1,0,0	
807,5.0000,-0.1191,-25.5035,0.0013,1,0,0	
808,5.0000,-0.1159,-26.1720,0.0013,1,0,0	
809,5.0000,-0.1129,-26.8371,0.0013,1,0,0	
810,5.0000,-0.1098,-27.4990,0.0012,1,0,0	
811,5.0000,-0.1068,-28.1575,0.0012,1,0,0	
812,5.0000,-0.1039,-28.8127,0.0012,1,0,0	
813,5.0000,-0.1010,-29.4646,0.0012,1,0,0	
814,5.0000,-0.0981,-30.1133,0.0012,1,0,0	
815,5.0000,-0.0953,-30.7587,0.0012,1,0,0	
816,5.0000,-0.0926,-31.4009,0.0012,1,0,0	
817,5.0000,-0.0898,-32.0399,0.0011,1,0,0	
818,5.0000,-0.0872,-32.6757,0.0011,1,0,0	
819,5.0000,-0.0845,-33.3083,0.0011,1,0,0	
820,5.0000,-0.0819,-33.9378,0.0011,1,0,0	
821,5.0000,-0.0794,-34.5641,0.0011,1,0,0	
822,5.0000,-0.0768,-35.1873,0.0011,1,0,0	
823,5.0000,-0.0744,-35.8073,0.0011,1,0,0	
824,5.0000,-0.0719,-36.4243,0.0010,1,0,0	
825,5.0000,-0.0695,-37.0382,0.0010,1,0,0	
826,5.0000,-0.0672,-37.6490,0.0010,1,0,0	
827,5.0000,-0.0648,-38.2567,0.0010,1,0,0	
828,5.0000,-0.0626,-38.8614,0.0010,1,0,0	
829,5.0000,-0.0603,-39.4631,0.0010,1,0,0	
830,5.0000,-0.0581,-40.0618,0.0010,1,0,0	
831,5.0000,-0.0559,-40.6575,0.0009,1,0,0	
832,5.0000,-0.0538,-41.2502,0.0009,1,0,0	
833,5.0000,-0.0517,-41.8400,0.0009,1,0,0	
834,5.0000,-0.0496,-42.4268,0.0009,1,0,0	
835,5.0000,-0.0475,-43.0106,0.0009,1,0,0	
836,5.0000,-0.0455,-43.5916,0.0009,1,0,0	
837,5.0000,-0.0435,-44.1696,0.0009,1,0,0	
838,5.0000,-0.0416,-44.7448,0.0009,1,0,0	
839,5.0000,-0.0397,-45.3171,0.0009,1,0,0	
840,5.0000,-0.0378,-45.8865,0.0008,1,0,0	
841,5.0000,-0.0359,-46.4530,0.0008,1,0,0	
842,5.0000,-0.0341,-47.0168,0.0008,1,0,0	
843,5.0000,-0.0323,-47.5777,0.0008,1,0,0	
844,5.0000,-0.0306,-48.1358,0.0008,1,0,0	
845,5.0000,-0.0288,-48.6911,0.0008,1,0,0	
846,4.9500,-0.0271,-49.2238,0.0008,0,0,0	
847,4.9005,-0.0255,-49.7340,0.0008,0,0,0	
848,4.8515,-0.0239,-50.2223,0.0008,0,0,0	
849,4.8030,-0.0223,-50.6887,0.0008,0,0,0	
850,4.7550,-0.0208,-51.1338,0.0007,0,0,0	
851,4.7074,-0.0193,-51.5576,0.0007,0,0,0	
852,4.6603,-0.0179,-51.9607,0.0007,0,0,0	
853,4.6137,-0.0165,-52.3431,0.0007,0,0,0	
854,4.5676,-0.0151,-52.7053,0.0007,0,0,0	
855,4.5219,-0.0138,-53.0475,0.0007,0,0,0	
856,4.4767,-0.0125,-53.3700,0.0007,0,0,0	
857,4.4319,-0.0112,-53.6730,0.0007,0,0,0	
858,4.3876,-0.0100,-53.9569,0.0007,0,0,0	
859,4.3437,-0.0088,-54.2220,0.0007,0,0,0	
860,4.3003,-0.0076,-54.4684,0.0007,0,0,0	
861,4.3803,-0.0064,-0.5494,0.0006,1,0,0	
862,4.4603,-0.0053,-0.5812,0.0006,1,0,0	
863,4.5403,-0.0041,-0.6130,0.0006,1,0,0	
864,4.6203,-0.0029,-1.2548,0.0006,1,0,0	
865,4.7003,-0.0018,-1.9253,0.0006,1,0,0	
866,4.7803,-0.0006,-2.6242,0.0006,1,0,0	
867,4.8603,0.0005,-3.3515,0.0006,1,0,0	
868,4.9403,0.0017,-4.1070,0.0006,1,0,0	
869,5.0000,0.0029,-4.8824,0.0006,1,0,0	
870,5.0000,0.0040,-5.6540,0.0006,1,0,0	
871,5.0000,0.0051,-6.4218,0.0006,1,0,0	
872,5.0000,0.0062,-7.1856,0.0006,1,0,0	
873,5.0000,0.0073,-7.9457,0.0006,1,0,0	
874,5.0000,0.0083,-8.7020,0.0005,1,0,0	
875,5.0000,0.0094,-9.4545,0.0005,1,0,0	
876,4.9500,0.0104,-10.1833,0.0005,0,0,0	
877,4.9005,0.0114,-10.8888,0.0005,0,0,0	
878,4.8515,0.0123,-11.5712,0.0005,0,0,0	
879,4.8030,0.0132,-12.2310,0.0005,0,0,0	
880,4.7550,0.0141,-12.8683,0.0005,0,0,0	
881,4.7074,0.0150,-13.4835,0.0005,0,0,0	
882,4.6603,0.0158,-14.0769,0.0005,0,0,0	
883,4.7403,0.0167,-0.6926,0.0005,1,0,0	
884,4.8203,0.0175,-0.7245,0.0005,1,0,0	
885,4.9003,0.0184,-0.7563,0.0005,1,0,0	
886,4.9803,0.0192,-1.5407,0.0005,1,0,0	
887,5.0000,0.0200,-2.3290,0.0005,1,0,0	
888,5.0000,0.0209,-3.1134,0.0005,1,0,0	
889,5.0000,0.0216,-3.8938,0.0005,1,0,0	
890,5.0000,0.0224,-4.6703,0.0004,1,0,0	
891,5.0000,0.0232,-5.4430,0.0004,1,0,0	
892,5.0000,0.0239,-6.2118,0.0004,1,0,0	
893,5.0000,0.0247,-6.9767,0.0004,1,0,0	
894,5.0000,0.0254,-7.7378,0.0004,1,0,0	
895,5.0000,0.0261,-8.4951,0.0004,1,0,0	
896,5.0000,0.0268,-9.2487,0.0004,1,0,0	
897,5.0000,0.0275,-9.9984,0.0004,1,0,0	
898,5.0000,0.0282,-10.7444,0.0004,1,0,0	
899,5.0000,0.0288,-11.4867,0.0004,1,0,0	
900,5.0000,0.0294,-12.2253,0.0004,1,0,0	
901,5.0000,0.0301,-12.9601,0.0004,1,0,0	
902,5.0000,0.0307,-13.6913,0.0004,1,0,0	
903,5.0000,0.0313,-14.4189,0.0004,1,0,0	
904,5.0000,0.0319,-15.1428,0.0004,1,0,0	
905,5.0000,0.0325,-15.8631,0.0004,1,0,0	
906,5.0000,0.0330,-16.5798,0.0004,1,0,0	
907,5.0000,0.0336,-17.2929,0.0004,1,0,0	
908,5.0000,0.0341,-18.0024,0.0004,1,0,0	
909,5.0000,0.0346,-18.7084,0.0004,1,0,0	
910,5.0000,0.0351,-19.4108,0.0003,1,0,0	
911,5.0000,0.0357,-20.1098,0.0003,1,0,0	
912,5.0000,0.0361,-20.8052,0.0003,1,0,0	
913,5.0000,0.0366,-21.4972,0.0003,1,0,0	
914,5.0000,0.0371,-22.1857,0.0003,1,0,0	
915,5.0000,0.0376,-22.8708,0.0003,1,0,0	
916,5.0000,0.0380,-23.5524,0.0003,1,0,0	
917,5.0000,0.0385,-24.2307,0.0003,1,0,0	
918,5.0000,0.0389,-24.9055,0.0003,1,0,0	
919,5.0000,0.0393,-25.5770,0.0003,1,0,0	
920,5.0000,0.0397,-26.2451,0.0003,1,0,0	
921,5.0000,0.0401,-26.9099,0.0003,1,0,0	
922,5.0000,0.0405,-27.5713,0.0003,1,0,0	
923,5.0000,0.0409,-28.2295,0.0003,1,0,0	
924,5.0000,0.0413,-28.8843,0.0003,1,0,0	
925,5.0000,0.0416,-29.5359,0.0003,1,0,0	
926,5.0000,0.0420,-30.1842,0.0003,1,0,0	
927,5.0000,0.0423,-30.8293,0.0003,1,0,0	
928,5.0000,0.0427,-31.4712,0.0003,1,0,0	
929,5.0000,0.0430,-32.1098,0.0003,1,0,0	
930,5.0000,0.0433,-32.7453,0.0003,1,0,0	
931,5.0000,0.0436,-33.3775,0.0003,1,0,0	
932,5.0000,0.0439,-34.0067,0.0003,1,0,0	
933,5.0000,0.0442,-34.6326,0.0003,1,0,0	
934,5.0000,0.0445,-35.2555,0.0003,1,0,0	
935,5.0000,0.0448,-35.8752,0.0003,1,0,0	
936,5.0000,0.0451,-36.4918,0.0002,1,0,0	
937,5.0000,0.0453,-37.1053,0.0002,1,0,0	
938,5.0000,0.0456,-37.7158,0.0002,1,0,0	
939,5.0000,0.0458,-38.3232,0.0002,1,0,0	
940,5.0000,0.0461,-38.9276,0.0002,1,0,0	
941,5.0000,0.0463,-39.5290,0.0002,1,0,0	
942,5.0000,0.0465,-40.1273,0.0002,1,0,0	
943,5.0000,0.0467,-40.7227,0.0002,1,0,0	
944,5.0000,0.0470,-41.3151,0.0002,1,0,0	
945,5.0000,0.0472,-41.9045,0.0002,1,0,0	
946,5.0000,0.0474,-42.4910,0.0002,1,0,0	
947,5.0000,0.0476,-43.0745,0.0002,1,0,0	
948,5.0000,0.0477,-43.6552,0.0002,1,0,0	
949,5.0000,0.0479,-44.2329,0.0002,1,0,0	
950,5.0000,0.0481,-44.8077,0.0002,1,0,0	
951,5.0000,0.0483,-45.3797,0.0002,1,0,0	
952,5.0000,0.0484,-45.9488,0.0002,1,0,0	
953,5.0000,0.0486,-46.5151,0.0002,1,0,0	
954,4.9500,0.0487,-47.0586,0.0002,0,0,0	
955,4.9005,0.0489,-47.5797,0.0002,0,0,0	
956,4.8515,0.0490,-48.0787,0.0002,0,0,0	
957,4.8030,0.0491,-48.5559,0.0002,0,0,0	
958,4.7550,0.0492,-49.0116,0.0002,0,0,0	
959,4.7074,0.0493,-49.4461,0.0002,0,0,0	
960,4.6603,0.0494,-49.8596,0.0002,0,0,0	
961,4.6137,0.0495,-50.2526,0.0002,0,0,0	
962,4.5676,0.0496,-50.6252,0.0002,0,0,0	
963,4.5219,0.0496,-50.9778,0.0002,0,0,0	
964,4.4767,0.0497,-51.3107,0.0002,0,0,0	
965,4.5567,0.0498,-0.6196,0.0002,1,0,0	
966,4.6367,0.0498,-0.6514,0.0002,1,0,0	
967,4.7167,0.0499,-0.6832,0.0002,1,0,0	
968,4.7967,0.0500,-1.3949,0.0002,1,0,0	
969,4.8767,0.0500,-2.1349,0.0002,1,0,0	
970,4.9567,0.0501,-2.9029,0.0002,1,0,0	
971,5.0000,0.0502,-3.6844,0.0002,1,0,0	
972,5.0000,0.0502,-4.4620,0.0002,1,0,0	
973,5.0000,0.0503,-5.2357,0.0002,1,0,0	
974,5.0000,0.0503,-6.0055,0.0002,1,0,0	
975,5.0000,0.0504,-6.7715,0.0002,1,0,0	
976,5.0000,0.0504,-7.5336,0.0001,1,0,0	
977,4.9500,0.0505,-8.2721,0.0001,0,0,0	
978,4.9005,0.0505,-8.9871,0.0001,0,0,0	
979,4.8515,0.0505,-9.6791,0.0001,0,0,0	
980,4.8030,0.0505,-10.3483,0.0001,0,0,0	
981,4.7550,0.0506,-10.9950,0.0001,0,0,0	
982,4.7074,0.0506,-11.6196,0.0001,0,0,0	
983,4.6603,0.0506,-12.2223,0.0001,0,0,0	
984,4.6137,0.0506,-12.8034,0.0001,0,0,0	
985,4.5676,0.0505,-13.3633,0.0001,0,0,0	
986,4.5219,0.0505,-13.9022,0.0001,0,0,0	
987,4.6019,0.0505,-0.6376,0.0001,1,0,0	
988,4.6819,0.0505,-0.6694,0.0001,1,0,0	
989,4.7619,0.0505,-0.7012,0.0001,1,0,0	
990,4.8419,0.0505,-1.4308,0.0001,1,0,0	
991,4.9219,0.0505,-2.1886,0.0001,1,0,0	
992,5.0000,0.0505,-2.9736,0.0001,1,0,0	
993,5.0000,0.0504,-3.7548,0.0001,1,0,0	
994,5.0000,0.0504,-4.5320,0.0001,1,0,0	
995,5.0000,0.0504,-5.3053,0.0001,1,0,0	
996,5.0000,0.0504,-6.0748,0.0001,1,0,0	
997,5.0000,0.0504,-6.8404,0.0001,1,0,0	
998,5.0000,0.0503,-7.6022,0.0001,1,0,0	
999,5.0000,0.0503,-8.3602,0.0001,1,0,0	
1000,5.0000,0.0503,-9.1144,0.0001,1,0,0	
1001,5.0000,0.0502,-9.8648,0.0001,1,0,0	
1002,5.0000,0.0502,-10.6115,0.0001,1,0,0	
1003,5.0000,0.0502,-11.3545,0.0001,1,0,0	
1004,5.0000,0.0501,-12.0937,0.0001,1,0,0	
1005,5.0000,0.0501,-12.8292,0.0001,1,0,0	
1006,5.0000,0.0500,-13.5611,0.0001,1,0,0	
1007,5.0000,0.0500,-14.2893,0.0001,1,0,0	
1008,5.0000,0.0499,-15.0138,0.0001,1,0,0	
1009,5.0000,0.0499,-15.7348,0.0001,1,0,0	
1010,5.0000,0.0498,-16.4521,0.0001,1,0,0	
1011,5.0000,0.0497,-17.1658,0.0001,1,0,0	
1012,5.0000,0.0497,-17.8760,0.0001,1,0,0	
1013,5.0000,0.0496,-18.5826,0.0001,1,0,0	
1014,5.0000,0.0496,-19.2857,0.0001,1,0,0	
1015,5.0000,0.0495,-19.9853,0.0001,1,0,0	
1016,5.0000,0.0494,-20.6813,0.0001,1,0,0	
1017,5.0000,0.0494,-21.3739,0.0001,1,0,0	
1018,5.0000,0.0493,-22.0631,0.0001,1,0,0	
1019,5.0000,0.0492,-22.7488,0.0001,1,0,0	
1020,5.0000,0.0491,-23.4310,0.0001,1,0,0	
1021,5.0000,0.0490,-24.1099,0.0001,1,0,0	
1022,5.0000,0.0490,-24.7853,0.0001,1,0,0	
1023,5.0000,0.0489,-25.4574,0.0001,1,0,0	
1024,5.0000,0.0488,-26.1261,0.0001,1,0,0	
1025,5.0000,0.0487,-26.7915,0.0001,1,0,0	
1026,5.0000,0.0486,-27.4535,0.0001,1,0,0	
1027,5.0000,0.0485,-28.1122,0.0001,1,0,0	
1028,5.0000,0.0485,-28.7677,0.0001,1,0,0	
1029,5.0000,0.0484,-29.4198,0.0001,1,0,0	
1030,5.0000,0.0483,-30.0687,0.0001,1,0,0	
1031,5.0000,0.0482,-30.7144,0.0001,1,0,0	
1032,5.0000,0.0481,-31.3568,0.0001,1,0,0	
1033,5.0000,0.0480,-31.9960,0.0001,1,0,0	
1034,5.0000,0.0479,-32.6321,0.0001,1,0,0	
1035,5.0000,0.0478,-33.2649,0.0001,1,0,0	
1036,5.0000,0.0477,-33.8946,0.0001,1,0,0	
1037,5.0000,0.0476,-34.5211,0.0001,1,0,0	
1038,5.0000,0.0475,-35.1445,0.0001,1,0,0	
1039,5.0000,0.0474,-35.7648,0.0001,1,0,0	
1040,5.0000,0.0473,-36.3820,0.0001,1,0,0	
1041,5.0000,0.0472,-36.9960,0.0001,1,0,0	
1042,5.0000,0.0471,-37.6071,0.0001,1,0,0	
1043,4.9500,0.0469,-38.1951,0.0001,0,0,0	
1044,4.9005,0.0468,-38.7605,0.0001,0,0,0	
1045,4.8515,0.0467,-39.3036,0.0001,0,0,0	
1046,4.8030,0.0466,-39.8247,0.0001,0,0,0	
1047,4.7550,0.0465,-40.3241,0.0001,0,0,0	
1048,4.7074,0.0464,-40.8020,0.0001,0,0,0	
1049,4.6603,0.0462,-41.2588,0.0001,0,0,0	
1050,4.6137,0.0461,-41.6947,0.0001,0,0,0	
1051,4.5676,0.0460,-42.1102,0.0001,0,0,0	
1052,4.5219,0.0459,-42.5053,0.0001,0,0,0	
1053,4.4767,0.0457,-42.8805,0.0001,0,0,0	
1054,4.4319,0.0456,-43.2360,0.0001,0,0,0	
1055,4.3876,0.0455,-43.5721,0.0001,0,0,0	
1056,4.3437,0.0453,-43.8891,0.0001,0,0,0	
1057,4.3003,0.0452,-44.1871,0.0001,0,0,0	
1058,4.2573,0.0451,-44.4666,0.0001,0,0,0	
1059,4.2147,0.0449,-44.7277,0.0001,0,0,0	
1060,4.1726,0.0448,-44.9708,0.0001,0,0,0	
1061,4.2526,0.0446,-0.4985,0.0001,1,0,0	
1062,4.3326,0.0445,-0.5304,0.0000,1,0,0	
1063,4.4126,0.0444,-0.5622,0.0000,1,0,0	
1064,4.4926,0.0442,-1.1534,0.0000,1,0,0	
1065,4.5726,0.0441,-1.7735,0.0000,1,0,0	
1066,4.6526,0.0440,-2.4224,0.0000,1,0,0	
1067,4.7326,0.0438,-3.0999,0.0000,1,0,0	
1068,4.8126,0.0437,-3.8058,0.0000,1,0,0	
1069,4.8926,0.0436,-4.5400,0.0000,1,0,0	
1070,4.9726,0.0434,-5.3024,0.0000,1,0,0	
1071,4.9228,0.0433,-6.0411,0.0000,0,0,0	
1072,4.8736,0.0432,-6.7566,0.0000,0,0,0	
1073,4.8249,0.0430,-7.4491,0.0000,0,0,0	
1074,4.7766,0.0429,-8.1190,0.0000,0,0,0	
1075,4.7289,0.0428,-8.7665,0.0000,0,0,0	
1076,4.6816,0.0426,-9.3919,0.0000,0,0,0	
1077,4.6348,0.0425,-9.9956,0.0000,0,0,0	
1078,4.5884,0.0424,-10.5778,0.0000,0,0,0	
1079,4.5425,0.0422,-11.1388,0.0000,0,0,0	
1080,4.4971,0.0421,-11.6790,0.0000,0,0,0	
1081,4.4521,0.0419,-12.1986,0.0000,0,0,0	
1082,4.4076,0.0418,-12.6978,0.0000,0,0,0	
1083,4.3635,0.0417,-13.1770,0.0000,0,0,0	
1084,4.3199,0.0415,-13.6364,0.0000,0,0,0	
1085,4.3999,0.0414,-0.5572,0.0000,1,0,0	
1086,4.4799,0.0412,-0.5890,0.0000,1,0,0	
1087,4.5599,0.0411,-0.6208,0.0000,1,0,0	
1088,4.6399,0.0410,-1.2704,0.0000,1,0,0	
1089,4.7199,0.0408,-1.9486,0.0000,1,0,0	
1090,4.7999,0.0407,-2.6552,0.0000,1,0,0	
1091,4.8799,0.0405,-3.3901,0.0000,1,0,0	
1092,4.9599,0.0404,-4.1532,0.0000,1,0,0	
1093,5.0000,0.0403,-4.9284,0.0000,1,0,0	
1094,5.0000,0.0401,-5.6998,0.0000,1,0,0	
1095,5.0000,0.0400,-6.4673,0.0000,1,0,0	
1096,5.0000,0.0399,-7.2310,0.0000,1,0,0	
1097,5.0000,0.0397,-7.9908,0.0000,1,0,0	
1098,5.0000,0.0396,-8.7469,0.0000,1,0,0	
1099,5.0000,0.0395,-9.4991,0.0000,1,0,0	
1100,5.0000,0.0393,-10.2476,0.0000,1,0,0	
1101,5.0000,0.0392,-10.9924,0.0000,1,0,0	
1102,5.0000,0.0390,-11.7334,0.0000,1,0,0	
1103,5.0000,0.0389,-12.4708,0.0000,1,0,0	
1104,5.0000,0.0388,-13.2044,0.0000,1,0,0	
1105,5.0000,0.0386,-13.9344,0.0000,1,0,0	
1106,5.0000,0.0385,-14.6607,0.0000,1,0,0	
1107,5.0000,0.0384,-15.3834,0.0000,1,0,0	
1108,5.0000,0.0382,-16.1025,0.0000,1,0,0	
1109,5.0000,0.0381,-16.8180,0.0000,1,0,0	
1110,5.0000,0.0380,-17.5299,0.0000,1,0,0	
1111,5.0000,0.0378,-18.2382,0.0000,1,0,0	
1112,5.0000,0.0377,-18.9431,0.0000,1,0,0	
1113,5.0000,0.0375,-19.6443,0.0000,1,0,0	
1114,5.0000,0.0374,-20.3421,0.0000,1,0,0	
1115,5.0000,0.0373,-21.0364,0.0000,1,0,0	
1116,5.0000,0.0371,-21.7272,0.0000,1,0,0	
1117,5.0000,0.0370,-22.4146,0.0000,1,0,0	
1118,5.0000,0.0369,-23.0985,0.0000,1,0,0	
1119,5.0000,0.0367,-23.7790,0.0000,1,0,0	
1120,5.0000,0.0366,-24.4561,0.0000,1,0,0	
1121,5.0000,0.0365,-25.1298,0.0000,1,0,0	
1122,5.0000,0.0363,-25.8002,0.0000,1,0,0	
1123,5.0000,0.0362,-26.4672,0.0000,1,0,0	
1124,5.0000,0.0360,-27.1309,0.0000,1,0,0	
1125,5.0000,0.0359,-27.7912,0.0000,1,0,0	
1126,5.0000,0.0358,-28.4483,0.0000,1,0,0	
1127,5.0000,0.0356,-29.1020,0.0000,1,0,0	
1128,5.0000,0.0355,-29.7525,0.0000,1,0,0	
1129,5.0000,0.0354,-30.3997,0.0000,1,0,0	
1130,5.0000,0.0352,-31.0437,0.0000,1,0,0	
1131,5.0000,0.0351,-31.6845,0.0000,1,0,0	
1132,5.0000,0.0350,-32.3221,0.0000,1,0,0	
1133,5.0000,0.0348,-32.9565,0.0000,1,0,0	
1134,5.0000,0.0347,-33.5877,0.0000,1,0,0	
1135,5.0000,0.0346,-34.2158,0.0000,1,0,0	
1136,5.0000,0.0344,-34.8407,0.0000,1,0,0	
1137,5.0000,0.0343,-35.4625,0.0000,1,0,0	
1138,5.0000,0.0342,-36.0812,0.0000,1,0,0	
1139,5.0000,0.0340,-36.6968,0.0000,1,0,0	
1140,5.0000,0.0339,-37.3093,0.0000,1,0,0	
1141,5.0000,0.0338,-37.9187,0.0000,1,0,0	
1142,5.0000,0.0336,-38.5251,0.0000,1,0,0	
1143,5.0000,0.0335,-39.1285,0.0000,1,0,0	
1144,4.9500,0.0334,-39.7090,0.0000,0,0,0	
1145,4.9005,0.0332,-40.2668,0.0000,0,0,0	
1146,4.8515,0.0331,-40.8024,0.0000,0,0,0	
1147,4.8030,0.0330,-41.3160,0.0000,0,0,0	
1148,4.7550,0.0328,-41.8078,0.0000,0,0,0	
1149,4.7074,0.0327,-42.2784,0.0000,0,0,0	
1150,4.6603,0.0326,-42.7278,0.0000,0,0,0	
1151,4.6137,0.0324,-43.1564,0.0000,0,0,0	
1152,4.5676,0.0323,-43.5645,0.0000,0,0,0	
1153,4.5219,0.0322,-43.9524,0.0000,0,0,0	
1154,4.4767,0.0320,-44.3204,0.0000,0,0,0	
1155,4.4319,0.0319,-44.6687,0.0000,0,0,0	
1156,4.3876,0.0318,-44.9976,0.0000,0,0,0	
1157,4.3437,0.0316,-45.3074,0.0000,0,0,0	
1158,4.3003,0.0315,-45.5984,0.0000,0,0,0	
1159,4.2573,0.0314,-45.8708,0.0000,0,0,0	
1160,4.2147,0.0312,-46.1249,0.0000,0,0,0	
1161,4.2947,0.0311,-0.5153,0.0000,1,0,0	
1162,4.3747,0.0310,-0.5471,0.0000,1,0,0	
1163,4.4547,0.0308,-0.5790,0.0000,1,0,0	
1164,4.5347,0.0307,-1.1869,0.0000,1,0,0	
1165,4.6147,0.0306,-1.8236,0.0000,1,0,0	
1166,4.6947,0.0304,-2.4890,0.0000,1,0,0	
1167,4.7747,0.0303,-3.1829,0.0000,1,0,0	
1168,4.8547,0.0302,-3.9052,0.0000,1,0,0	
1169,4.9347,0.0301,-4.6556,0.0000,1,0,0	
1170,5.0000,0.0299,-5.4284,0.0000,1,0,0	
1171,5.0000,0.0298,-6.1972,0.0000,1,0,0	
1172,5.0000,0.0297,-6.9622,0.0000,1,0,0	
1173,5.0000,0.0296,-7.7234,0.0000,1,0,0	
1174,5.0000,0.0294,-8.4808,0.0000,1,0,0	
1175,5.0000,0.0293,-9.2344,0.0000,1,0,0	
1176,5.0000,0.0292,-9.9842,0.0000,1,0,0	
1177,5.0000,0.0291,-10.7303,0.0000,1,0,0	
1178,5.0000,0.0289,-11.4727,0.0000,1,0,0	
1179,5.0000,0.0288,-12.2113,0.0000,1,0,0	
1180,5.0000,0.0287,-12.9462,0.0000,1,0,0	
1181,5.0000,0.0286,-13.6775,0.0000,1,0,0	
1182,5.0000,0.0285,-14.4051,0.0000,1,0,0	
1183,5.0000,0.0283,-15.1291,0.0000,1,0,0	
1184,5.0000,0.0282,-15.8495,0.0000,1,0,0	
1185,5.0000,0.0281,-16.5662,0.0000,1,0,0	
1186,5.0000,0.0280,-17.2794,0.0000,1,0,0	
1187,5.0000,0.0279,-17.9890,0.0000,1,0,0	
1188,5.0000,0.0277,-18.6950,0.0000,1,0,0	
1189,5.0000,0.0276,-19.3976,0.0000,1,0,0	
1190,5.0000,0.0275,-20.0966,0.0000,1,0,0	
1191,5.0000,0.0274,-20.7921,0.0000,1,0,0	
1192,5.0000,0.0273,-21.4841,0.0000,1,0,0	
1193,5.0000,0.0271,-22.1727,0.0000,1,0,0	
1194,5.0000,0.0270,-22.8578,0.0000,1,0,0	
1195,5.0000,0.0269,-23.5396,0.0000,1,0,0	
1196,5.0000,0.0268,-24.2179,0.0000,1,0,0	
1197,5.0000,0.0267,-24.8928,0.0000,1,0,0	
1198,5.0000,0.0266,-25.5643,0.0000,1,0,0	
1199,5.0000,0.0264,-26.2325,0.0000,1,0,0	
1200,5.0000,0.0263,-26.8973,0.0000,1,0,0	
1201,5.0000,0.0262,-27.5588,0.0000,1,0,0	
1202,5.0000,0.0261,-28.2170,0.0000,1,0,0	
1203,5.0000,0.0260,-28.8720,0.0000,1,0,0	
1204,5.0000,0.0259,-29.5236,0.0000,1,0,0	
1205,5.0000,0.0258,-30.1720,0.0000,1,0,0	
1206,5.0000,0.0256,-30.8171,0.0000,1,0,0	
1207,5.0000,0.0255,-31.4590,0.0000,1,0,0	
1208,5.0000,0.0254,-32.0977,0.0000,1,0,0	
1209,5.0000,0.0253,-32.7332,0.0000,1,0,0	
1210,5.0000,0.0252,-33.3656,0.0000,1,0,0	
1211,5.0000,0.0251,-33.9947,0.0000,1,0,0	
1212,5.0000,0.0250,-34.6208,0.0000,1,0,0	
1213,5.0000,0.0249,-35.2437,0.0000,1,0,0	
1214,5.0000,0.0248,-35.8635,0.0000,1,0,0	
1215,5.0000,0.0246,-36.4801,0.0000,1,0,0	
1216,5.0000,0.0245,-37.0937,0.0000,1,0,0	
1217,5.0000,0.0244,-37.7043,0.0000,1,0,0	
1218,5.0000,0.0243,-38.3117,0.0000,1,0,0	
1219,5.0000,0.0242,-38.9162,0.0000,1,0,0	
1220,5.0000,0.0241,-39.5176,0.0000,1,0,0	
1221,5.0000,0.0240,-40.1160,0.0000,1,0,0	
1222,4.9500,0.0239,-40.6915,0.0000,0,0,0	
1223,4.9005,0.0238,-41.2445,0.0000,0,0,0	
1224,4.8515,0.0237,-41.7751,0.0000,0,0,0	
1225,4.8030,0.0236,-42.2839,0.0000,0,0,0	
1226,4.7550,0.0235,-42.7709,0.0000,0,0,0	
1227,4.7074,0.0234,-43.2366,0.0000,0,0,0	
1228,4.6603,0.0232,-43.6812,0.0000,0,0,0	
1229,4.6137,0.0231,-44.1051,0.0000,0,0,0	
1230,4.5676,0.0230,-44.5085,0.0000,0,0,0	
1231,4.5219,0.0229,-44.8916,0.0000,0,0,0	
1232,4.4767,0.0228,-45.2549,0.0000,0,0,0	
1233,4.4319,0.0227,-45.5985,0.0000,0,0,0	
1234,4.3876,0.0226,-45.9228,0.0000,0,0,0	
1235,4.3437,0.0225,-46.2280,0.0000,0,0,0	
1236,4.3003,0.0224,-46.5144,0.0000,0,0,0	
1237,4.2573,0.0223,-46.7822,0.0000,0,0,0	
1238,4.2147,0.0222,-47.0317,0.0000,0,0,0	
1239,4.1726,0.0221,-47.2633,0.0000,0,0,0	
1240,4.1308,0.0220,-47.4770,0.0000,0,0,0	
1241,4.0895,0.0219,-47.6733,0.0000,0,0,0	
1242,4.0486,0.0218,-47.8523,0.0000,0,0,0	
1243,4.0082,0.0217,-48.0143,0.0000,0,0,0	
1244,3.9681,0.0216,-48.1595,0.0000,0,0,0	
1245,3.9284,0.0215,-48.2882,0.0000,0,0,0	
1246,3.8891,0.0214,-48.4006,0.0000,0,0,0	
1247,3.8502,0.0213,-48.4970,0.0000,0,0,0	
1248,3.8117,0.0212,-48.5776,0.0000,0,0,0	
1249,3.7736,0.0211,-48.6426,0.0000,0,0,0	
1250,3.7359,0.0210,-48.6922,0.0000,0,0,0	
1251,3.6985,0.0209,-48.7268,0.0000,0,0,0	
1252,3.6615,0.0208,-48.7464,0.0000,0,0,0	
1253,3.6249,0.0207,-48.7514,0.0000,0,0,0	
1254,3.5887,0.0206,-48.7419,0.0000,0,0,0	
1255,3.5528,0.0205,-48.7182,0.0000,0,0,0	
1256,3.5172,0.0204,-48.6805,0.0000,0,0,0	
1257,3.4821,0.0203,-48.6289,0.0000,0,0,0	
1258,3.4472,0.0202,-48.5638,0.0000,0,0,0	
1259,3.4128,0.0201,-48.4853,0.0000,0,0,0	
1260,3.3786,0.0200,-48.3935,0.0000,0,0,0	
1261,3.3449,0.0199,-48.2888,0.0000,0,0,0	
1262,3.3114,0.0198,-48.1713,0.0000,0,0,0	
1263,3.2783,0.0197,-48.0412,0.0000,0,0,0	
1264,3.2455,0.0197,-47.8987,0.0000,0,0,0	
1265,3.2131,0.0196,-47.7440,0.0000,0,0,0	
1266,3.1809,0.0195,-47.5773,0.0000,0,0,0	
1267,3.1491,0.0194,-47.3988,0.0000,0,0,0	
1268,3.1176,0.0193,-47.2086,0.0000,0,0,0	
1269,3.0865,0.0192,-47.0070,0.0000,0,0,0	
1270,3.0556,0.0191,-46.7941,0.0000,0,0,0	
1271,3.0250,0.0190,-46.5701,0.0000,0,0,0	
1272,2.9948,0.0189,-46.3351,0.0000,0,0,0	
1273,2.9648,0.0188,-46.0895,0.0000,0,0,0	
1274,2.9352,0.0187,-45.8332,0.0000,0,0,0	
1275,2.9058,0.0186,-45.5666,0.0000,0,0,0	
1276,2.8768,0.0186,-45.2897,0.0000,0,0,0	
1277,2.8480,0.0185,-45.0028,0.0000,0,0,0	
1278,2.8195,0.0184,-44.7059,0.0000,0,0,0	
1279,2.7913,0.0183,-44.3993,0.0000,0,0,0	
1280,2.7634,0.0182,-44.0832,0.0000,0,0,0	
1281,2.7358,0.0181,-43.7576,0.0000,0,0,0	
1282,2.7084,0.0180,-43.4228,0.0000,0,0,0	
1283,2.6813,0.0179,-43.0788,0.0000,0,0,0	
1284,2.6545,0.0179,-42.7259,0.0000,0,0,0	
1285,2.6280,0.0178,-42.3642,0.0000,0,0,0	
1286,2.6017,0.0177,-41.9939,0.0000,0,0,0	
1287,2.5757,0.0176,-41.6150,0.0000,0,0,0	
1288,2.5499,0.0175,-41.2278,0.0000,0,0,0	
1289,2.5244,0.0174,-40.8324,0.0000,0,0,0	
1290,2.4992,0.0173,-40.4289,0.0000,0,0,0	
1291,2.4742,0.0173,-40.0175,0.0000,0,0,0	
1292,2.4495,0.0172,-39.5983,0.0000,0,0,0	
1293,2.4250,0.0171,-39.1715,0.0000,0,0,0	
1294,2.4007,0.0170,-38.7371,0.0000,0,0,0	
1295,2.3767,0.0169,-38.2953,0.0000,0,0,0	
1296,2.3529,0.0168,-37.8463,0.0000,0,0,0	
1297,2.3294,0.0168,-37.3902,0.0000,0,0,0	
1298,2.3061,0.0167,-36.9271,0.0000,0,0,0	
1299,2.2830,0.0166,-36.4571,0.0000,0,0,0	
1300,2.2602,0.0165,-35.9804,0.0000,0,0,0	
1301,2.2376,0.0164,-35.4970,0.0000,0,0,0	
1302,2.2152,0.0164,-35.0072,0.0000,0,0,0	
1303,2.1931,0.0163,-34.5110,0.0000,0,0,0	
1304,2.1712,0.0162,-34.0086,0.0000,0,0,0	
1305,2.1494,0.0161,-33.5000,0.0000,0,0,0	
1306,2.1280,0.0160,-32.9855,0.0000,0,0,0	
1307,2.1067,0.0160,-32.4650,0.0000,0,0,0	
1308,2.0856,0.0159,-31.9387,0.0000,0,0,0	
1309,2.0647,0.0158,-31.4068,0.0000,0,0,0	
1310,2.0441,0.0157,-30.8693,0.0000,0,0,0	
1311,2.0237,0.0157,-30.3264,0.0000,0,0,0	
1312,2.0034,0.0156,-29.7781,0.0000,0,0,0	
1313,1.9834,0.0155,-29.2246,0.0000,0,0,0	
1314,1.9636,0.0154,-28.6660,0.0000,0,0,0	
1315,1.9439,0.0153,-28.1024,0.0000,0,0,0	
1316,1.9245,0.0153,-27.5338,0.0000,0,0,0	
1317,1.9052,0.0152,-26.9604,0.0000,0,0,0	
1318,1.8862,0.0151,-26.3823,0.0000,0,0,0	
1319,1.8673,0.0150,-25.7996,0.0000,0,0,0	
1320,1.8486,0.0150,-25.2123,0.0000,0,0,0	
1321,1.8302,0.0149,-24.6207,0.0000,0,0,0	
1322,1.8119,0.0148,-24.0247,0.0000,0,0,0	
1323,1.7937,0.0148,-23.4245,0.0000,0,0,0	
1324,1.7758,0.0147,-22.8201,0.0000,0,0,0	
1325,1.7580,0.0146,-22.2117,0.0000,0,0,0	
1326,1.7405,0.0145,-21.5994,0.0000,0,0,0	
1327,1.7231,0.0145,-20.9832,0.0000,0,0,0	
1328,1.7058,0.0144,-20.3632,0.0000,0,0,0	
1329,1.6888,0.0143,-19.7395,0.0000,0,0,0	
1330,1.6719,0.0143,-19.1122,0.0000,0,0,0	
1331,1.6552,0.0142,-18.4814,0.0000,0,0,0	
1332,1.6386,0.0141,-17.8472,0.0000,0,0,0	
1333,1.6222,0.0140,-17.2096,0.0000,0,0,0	
1334,1.6060,0.0140,-16.5687,0.0000,0,0,0	
1335,1.5899,0.0139,-15.9247,0.0000,0,0,0	
1336,1.5740,0.0138,-15.2775,0.0000,0,0,0	
1337,1.5583,0.0138,-14.6273,0.0000,0,0,0	
1338,1.5427,0.0137,-13.9742,0.0000,0,0,0	
1339,1.5273,0.0136,-13.3182,0.0000,0,0,0	
1340,1.5120,0.0136,-12.6594,0.0000,0,0,0	
1341,1.4969,0.0135,-11.9979,0.0000,0,0,0	
1342,1.4819,0.0134,-11.3337,0.0000,0,0,0	
1343,1.4671,0.0134,-10.6669,0.0000,0,0,0	
1344,1.4524,0.0133,-9.9977,0.0000,0,0,0	
1345,1.4379,0.0132,-9.3260,0.0000,0,0,0	
1346,1.4235,0.0132,-8.6519,0.0000,0,0,0	
1347,1.4093,0.0131,-7.9755,0.0000,0,0,0	
1348,1.3952,0.0130,-7.2970,0.0000,0,0,0	
1349,1.3813,0.0130,-6.6162,0.0000,0,0,0	
1350,1.3674,0.0129,-5.9334,0.0000,0,0,0	
1351,1.3538,0.0128,-5.2485,0.0000,0,0,0	
1352,1.3402,0.0128,-4.5617,0.0000,0,0,0	
1353,1.3268,0.0127,-3.8729,0.0000,0,0,0	
1354,1.3136,0.0127,-3.1824,0.0000,0,0,0	
1355,1.3004,0.0126,-2.4900,0.0000,0,0,0	
1356,1.2874,0.0125,-1.7960,0.0000,0,0,0	
1357,1.2745,0.0125,-1.1003,0.0000,0,0,0	
1358,1.2618,0.0124,-0.4030,0.0000,0,0,0	
1359,1.2492,0.0123,0.2959,0.0000,0,0,0	
1360,1.2367,0.0123,0.9962,0.0000,0,0,0	
1361,1.2243,0.0122,1.6979,0.0000,0,0,0	
1362,1.2121,0.0122,2.4010,0.0000,0,0,0	
1363,1.2000,0.0121,3.1054,0.0000,0,0,0	
